{"cameraMode":{"drawMode":0,"name":"Shaded","section":"Shading Mode"},"sceneLighting":false,"audioPlay":false,"sceneViewState":{"showFog":true,"showMaterialUpdate":false,"showSkybox":false,"showFlares":true,"showImageEffects":true,"showParticleSystems":true},"in2DMode":false,"pivot":{"x":0.11626438796520233,"y":-0.03158438578248024,"z":0.0384506955742836},"rotation":{"x":0.11621646583080292,"y":0.7198099493980408,"z":-0.12430141121149063,"w":0.6729915142059326},"size":0.2522553503513336,"orthographic":false}