{"cameraMode":{"drawMode":0,"name":"Shaded","section":"Shading Mode"},"sceneLighting":false,"audioPlay":false,"sceneViewState":{"showFog":true,"showMaterialUpdate":false,"showSkybox":false,"showFlares":true,"showImageEffects":true,"showParticleSystems":true},"in2DMode":false,"pivot":{"x":-9.74244499206543,"y":-10.360458374023438,"z":-6.712163925170898},"rotation":{"x":-0.18517814576625825,"y":-0.02446933649480343,"z":0.004614999983459711,"w":-0.9823999404907227},"size":0.28578948974609377,"orthographic":false}