{"cameraMode":{"drawMode":0,"name":"Shaded","section":"Shading Mode"},"sceneLighting":true,"audioPlay":false,"sceneViewState":{"showFog":true,"showMaterialUpdate":false,"showSkybox":true,"showFlares":true,"showImageEffects":true,"showParticleSystems":true},"in2DMode":false,"pivot":{"x":-3.868594169616699,"y":-4.817589282989502,"z":-2.183197498321533},"rotation":{"x":-0.12262045592069626,"y":0.8293002843856812,"z":-0.2005792260169983,"w":-0.5069647431373596},"size":1.110008955001831,"orthographic":false}