{"cameraMode":{"drawMode":0,"name":"Shaded","section":"Shading Mode"},"sceneLighting":false,"audioPlay":false,"sceneViewState":{"showFog":true,"showMaterialUpdate":false,"showSkybox":false,"showFlares":true,"showImageEffects":true,"showParticleSystems":true},"in2DMode":false,"pivot":{"x":-9.749424934387207,"y":-10.340503692626954,"z":-6.784611225128174},"rotation":{"x":0.0007591503672301769,"y":-0.999007523059845,"z":0.04079188406467438,"w":0.018590182065963746},"size":0.7001029253005981,"orthographic":false}