{"cameraMode":{"drawMode":0,"name":"Shaded","section":"Shading Mode"},"sceneLighting":false,"audioPlay":false,"sceneViewState":{"showFog":true,"showMaterialUpdate":false,"showSkybox":false,"showFlares":true,"showImageEffects":true,"showParticleSystems":true},"in2DMode":false,"pivot":{"x":-0.014716669917106629,"y":-0.036589354276657107,"z":0.060559023171663287},"rotation":{"x":0.012843986041843892,"y":0.9475765228271484,"z":-0.038397613912820819,"w":0.31695982813835146},"size":0.4596266448497772,"orthographic":false}