{"cameraMode":{"drawMode":0,"name":"Shaded","section":"Shading Mode"},"sceneLighting":true,"audioPlay":false,"sceneViewState":{"showFog":true,"showMaterialUpdate":false,"showSkybox":true,"showFlares":true,"showImageEffects":true,"showParticleSystems":true},"in2DMode":false,"pivot":{"x":-9.74244499206543,"y":-10.360458374023438,"z":-6.712163925170898},"rotation":{"x":-0.05314643681049347,"y":0.890157163143158,"z":-0.10761260986328125,"w":-0.4395855963230133},"size":1.9662539958953858,"orthographic":false}